mean_coverage,stddev_coverage,peak_coverage,repeat_fraction
28.534115331311387,13.37921862343775,85,0.023459939341595196
